autor,calificacion_promedio
Alejo Carpentier,
Alfonsina Storni,
Augusto Roa Bastos,
Bartomeu Meliá,
Camilo José Cela,
Carlos Fuentes,
Clarice Lispector,
Domingo Faustino Sarmiento,
Edmundo Paz Soldán,
Eduardo Galeano,
Elvio Romero,
Ernesto Sabato,
Federico García Lorca,
Gabriel García Márquez,
Horacio Quiroga,
Isabel Allende,
Joaquim Maria Machado de Assis,
Jorge Amado,
Jorge Luis Borges,
Josefina Plá,
José Donoso,
José Martí,
Juan Carlos Onetti,
Juan José Saer,
Juan Rulfo,
Julio Cortázar,
Laura Esquivel,
Luisa Valenzuela,
Maihara,
Manuel Puig,
Mariano Azuela,
Mario Vargas Llosa,
Miguel de Cervantes,
Nicanor Parra,
Pablo Neruda,
Pedro Lemebel,
Reinaldo Arenas,
Ricardo Piglia,
Roberto Bolaño,
Roque Vallejos,
Rosario Castellanos,
Rubem Fonseca,
Sor Juana Inés de la Cruz,
Washington Cucurto,
